[{"model": "admin.logentry", "pk": 1, "fields": {"action_time": "2026-06-22T16:54:27.196Z", "user": 1, "content_type": 13, "object_id": "21", "object_repr": "Payment 21 - WSM-260623001905 - paid", "action_flag": 2, "change_message": "[{\"changed\": {\"fields\": [\"Status\"]}}]"}}, {"model": "admin.logentry", "pk": 2, "fields": {"action_time": "2026-06-22T16:54:51.061Z", "user": 1, "content_type": 13, "object_id": "21", "object_repr": "Payment 21 - WSM-260623001905 - failed", "action_flag": 2, "change_message": "[{\"changed\": {\"fields\": [\"Status\"]}}]"}}, {"model": "admin.logentry", "pk": 3, "fields": {"action_time": "2026-06-22T17:09:08.896Z", "user": 1, "content_type": 13, "object_id": "21", "object_repr": "Payment 21 - WSM-260623001905 - pending", "action_flag": 2, "change_message": "[{\"changed\": {\"fields\": [\"Status\", \"Notes\"]}}]"}}, {"model": "admin.logentry", "pk": 4, "fields": {"action_time": "2026-06-22T17:09:27.571Z", "user": 1, "content_type": 13, "object_id": "21", "object_repr": "Payment 21 - WSM-260623001905 - paid", "action_flag": 2, "change_message": "[{\"changed\": {\"fields\": [\"Status\"]}}]"}}, {"model": "admin.logentry", "pk": 5, "fields": {"action_time": "2026-06-22T17:35:04.014Z", "user": 1, "content_type": 13, "object_id": "22", "object_repr": "Payment 22 - WSM-260623011016 - paid", "action_flag": 2, "change_message": "[{\"changed\": {\"fields\": [\"Status\", \"Payment method\"]}}]"}}, {"model": "admin.logentry", "pk": 6, "fields": {"action_time": "2026-06-22T17:35:16.886Z", "user": 1, "content_type": 13, "object_id": "22", "object_repr": "Payment 22 - WSM-260623011016 - paid", "action_flag": 2, "change_message": "[]"}}, {"model": "admin.logentry", "pk": 7, "fields": {"action_time": "2026-06-22T17:35:57.121Z", "user": 1, "content_type": 13, "object_id": "22", "object_repr": "Payment 22 - WSM-260623011016 - cancelled", "action_flag": 2, "change_message": "[{\"changed\": {\"fields\": [\"Status\"]}}]"}}, {"model": "admin.logentry", "pk": 8, "fields": {"action_time": "2026-06-22T17:42:33.368Z", "user": 1, "content_type": 13, "object_id": "22", "object_repr": "Payment 22 - WSM-260623011016 - cancelled", "action_flag": 2, "change_message": "[]"}}, {"model": "admin.logentry", "pk": 9, "fields": {"action_time": "2026-06-22T17:48:49.868Z", "user": 1, "content_type": 13, "object_id": "22", "object_repr": "Payment 22 - WSM-260623011016 - cancelled", "action_flag": 2, "change_message": "[]"}}, {"model": "admin.logentry", "pk": 10, "fields": {"action_time": "2026-06-22T17:49:37.990Z", "user": 1, "content_type": 13, "object_id": "22", "object_repr": "Payment 22 - WSM-260623011016 - cancelled", "action_flag": 2, "change_message": "[]"}}, {"model": "admin.logentry", "pk": 11, "fields": {"action_time": "2026-06-22T18:07:20.540Z", "user": 1, "content_type": 13, "object_id": "22", "object_repr": "Payment 22 - WSM-260623011016 - paid", "action_flag": 2, "change_message": "[{\"changed\": {\"fields\": [\"Status\"]}}]"}}, {"model": "admin.logentry", "pk": 12, "fields": {"action_time": "2026-06-23T07:51:00.878Z", "user": 1, "content_type": 13, "object_id": "24", "object_repr": "Payment 24 - WSM-260623155033 - paid", "action_flag": 2, "change_message": "[{\"changed\": {\"fields\": [\"Status\"]}}]"}}, {"model": "admin.logentry", "pk": 13, "fields": {"action_time": "2026-06-23T08:25:36.096Z", "user": 1, "content_type": 13, "object_id": "25", "object_repr": "Payment 25 - WSM-260623162425 - paid", "action_flag": 2, "change_message": "[{\"changed\": {\"fields\": [\"Status\"]}}]"}}, {"model": "admin.logentry", "pk": 14, "fields": {"action_time": "2026-06-23T09:06:45.773Z", "user": 5, "content_type": 13, "object_id": "26", "object_repr": "Payment 26 - WSM-260623170340 - paid", "action_flag": 2, "change_message": "[{\"changed\": {\"fields\": [\"Status\"]}}]"}}, {"model": "admin.logentry", "pk": 15, "fields": {"action_time": "2026-06-23T09:07:48.240Z", "user": 5, "content_type": 13, "object_id": "27", "object_repr": "Payment 27 - WSM-260623170722 - paid", "action_flag": 2, "change_message": "[{\"changed\": {\"fields\": [\"Status\"]}}]"}}, {"model": "admin.logentry", "pk": 16, "fields": {"action_time": "2026-06-23T09:31:04.338Z", "user": 5, "content_type": 13, "object_id": "28", "object_repr": "Payment 28 - WSM-260623172945 - paid", "action_flag": 2, "change_message": "[{\"changed\": {\"fields\": [\"Status\"]}}]"}}, {"model": "admin.logentry", "pk": 17, "fields": {"action_time": "2026-06-23T09:37:44.298Z", "user": 5, "content_type": 13, "object_id": "28", "object_repr": "Payment 28 - WSM-260623172945 - paid", "action_flag": 2, "change_message": "[]"}}, {"model": "auth.permission", "pk": 1, "fields": {"name": "Can add log entry", "content_type": 1, "codename": "add_logentry"}}, {"model": "auth.permission", "pk": 2, "fields": {"name": "Can change log entry", "content_type": 1, "codename": "change_logentry"}}, {"model": "auth.permission", "pk": 3, "fields": {"name": "Can delete log entry", "content_type": 1, "codename": "delete_logentry"}}, {"model": "auth.permission", "pk": 4, "fields": {"name": "Can view log entry", "content_type": 1, "codename": "view_logentry"}}, {"model": "auth.permission", "pk": 5, "fields": {"name": "Can add permission", "content_type": 3, "codename": "add_permission"}}, {"model": "auth.permission", "pk": 6, "fields": {"name": "Can change permission", "content_type": 3, "codename": "change_permission"}}, {"model": "auth.permission", "pk": 7, "fields": {"name": "Can delete permission", "content_type": 3, "codename": "delete_permission"}}, {"model": "auth.permission", "pk": 8, "fields": {"name": "Can view permission", "content_type": 3, "codename": "view_permission"}}, {"model": "auth.permission", "pk": 9, "fields": {"name": "Can add group", "content_type": 2, "codename": "add_group"}}, {"model": "auth.permission", "pk": 10, "fields": {"name": "Can change group", "content_type": 2, "codename": "change_group"}}, {"model": "auth.permission", "pk": 11, "fields": {"name": "Can delete group", "content_type": 2, "codename": "delete_group"}}, {"model": "auth.permission", "pk": 12, "fields": {"name": "Can view group", "content_type": 2, "codename": "view_group"}}, {"model": "auth.permission", "pk": 13, "fields": {"name": "Can add user", "content_type": 4, "codename": "add_user"}}, {"model": "auth.permission", "pk": 14, "fields": {"name": "Can change user", "content_type": 4, "codename": "change_user"}}, {"model": "auth.permission", "pk": 15, "fields": {"name": "Can delete user", "content_type": 4, "codename": "delete_user"}}, {"model": "auth.permission", "pk": 16, "fields": {"name": "Can view user", "content_type": 4, "codename": "view_user"}}, {"model": "auth.permission", "pk": 17, "fields": {"name": "Can add content type", "content_type": 5, "codename": "add_contenttype"}}, {"model": "auth.permission", "pk": 18, "fields": {"name": "Can change content type", "content_type": 5, "codename": "change_contenttype"}}, {"model": "auth.permission", "pk": 19, "fields": {"name": "Can delete content type", "content_type": 5, "codename": "delete_contenttype"}}, {"model": "auth.permission", "pk": 20, "fields": {"name": "Can view content type", "content_type": 5, "codename": "view_contenttype"}}, {"model": "auth.permission", "pk": 21, "fields": {"name": "Can add session", "content_type": 6, "codename": "add_session"}}, {"model": "auth.permission", "pk": 22, "fields": {"name": "Can change session", "content_type": 6, "codename": "change_session"}}, {"model": "auth.permission", "pk": 23, "fields": {"name": "Can delete session", "content_type": 6, "codename": "delete_session"}}, {"model": "auth.permission", "pk": 24, "fields": {"name": "Can view session", "content_type": 6, "codename": "view_session"}}, {"model": "auth.permission", "pk": 25, "fields": {"name": "Can add destination", "content_type": 8, "codename": "add_destination"}}, {"model": "auth.permission", "pk": 26, "fields": {"name": "Can change destination", "content_type": 8, "codename": "change_destination"}}, {"model": "auth.permission", "pk": 27, "fields": {"name": "Can delete destination", "content_type": 8, "codename": "delete_destination"}}, {"model": "auth.permission", "pk": 28, "fields": {"name": "Can view destination", "content_type": 8, "codename": "view_destination"}}, {"model": "auth.permission", "pk": 29, "fields": {"name": "Can add help article", "content_type": 9, "codename": "add_helparticle"}}, {"model": "auth.permission", "pk": 30, "fields": {"name": "Can change help article", "content_type": 9, "codename": "change_helparticle"}}, {"model": "auth.permission", "pk": 31, "fields": {"name": "Can delete help article", "content_type": 9, "codename": "delete_helparticle"}}, {"model": "auth.permission", "pk": 32, "fields": {"name": "Can view help article", "content_type": 9, "codename": "view_helparticle"}}, {"model": "auth.permission", "pk": 33, "fields": {"name": "Can add room", "content_type": 11, "codename": "add_room"}}, {"model": "auth.permission", "pk": 34, "fields": {"name": "Can change room", "content_type": 11, "codename": "change_room"}}, {"model": "auth.permission", "pk": 35, "fields": {"name": "Can delete room", "content_type": 11, "codename": "delete_room"}}, {"model": "auth.permission", "pk": 36, "fields": {"name": "Can view room", "content_type": 11, "codename": "view_room"}}, {"model": "auth.permission", "pk": 37, "fields": {"name": "Can add review", "content_type": 10, "codename": "add_review"}}, {"model": "auth.permission", "pk": 38, "fields": {"name": "Can change review", "content_type": 10, "codename": "change_review"}}, {"model": "auth.permission", "pk": 39, "fields": {"name": "Can delete review", "content_type": 10, "codename": "delete_review"}}, {"model": "auth.permission", "pk": 40, "fields": {"name": "Can view review", "content_type": 10, "codename": "view_review"}}, {"model": "auth.permission", "pk": 41, "fields": {"name": "Can add booking", "content_type": 7, "codename": "add_booking"}}, {"model": "auth.permission", "pk": 42, "fields": {"name": "Can change booking", "content_type": 7, "codename": "change_booking"}}, {"model": "auth.permission", "pk": 43, "fields": {"name": "Can delete booking", "content_type": 7, "codename": "delete_booking"}}, {"model": "auth.permission", "pk": 44, "fields": {"name": "Can view booking", "content_type": 7, "codename": "view_booking"}}, {"model": "auth.permission", "pk": 45, "fields": {"name": "Can add user profile", "content_type": 12, "codename": "add_userprofile"}}, {"model": "auth.permission", "pk": 46, "fields": {"name": "Can change user profile", "content_type": 12, "codename": "change_userprofile"}}, {"model": "auth.permission", "pk": 47, "fields": {"name": "Can delete user profile", "content_type": 12, "codename": "delete_userprofile"}}, {"model": "auth.permission", "pk": 48, "fields": {"name": "Can view user profile", "content_type": 12, "codename": "view_userprofile"}}, {"model": "auth.permission", "pk": 49, "fields": {"name": "Can add payment", "content_type": 13, "codename": "add_payment"}}, {"model": "auth.permission", "pk": 50, "fields": {"name": "Can change payment", "content_type": 13, "codename": "change_payment"}}, {"model": "auth.permission", "pk": 51, "fields": {"name": "Can delete payment", "content_type": 13, "codename": "delete_payment"}}, {"model": "auth.permission", "pk": 52, "fields": {"name": "Can view payment", "content_type": 13, "codename": "view_payment"}}, {"model": "auth.permission", "pk": 53, "fields": {"name": "Can add payment proof", "content_type": 14, "codename": "add_paymentproof"}}, {"model": "auth.permission", "pk": 54, "fields": {"name": "Can change payment proof", "content_type": 14, "codename": "change_paymentproof"}}, {"model": "auth.permission", "pk": 55, "fields": {"name": "Can delete payment proof", "content_type": 14, "codename": "delete_paymentproof"}}, {"model": "auth.permission", "pk": 56, "fields": {"name": "Can view payment proof", "content_type": 14, "codename": "view_paymentproof"}}, {"model": "auth.user", "pk": 1, "fields": {"password": "pbkdf2_sha256$1200000$LRNb7kisVBNPX6umANEMUB$vN4rRH+avJ+IEDbMr3jWEke4Jxfjj1SEABZyLfYA+ZI=", "last_login": "2026-06-22T13:44:31.494Z", "is_superuser": true, "username": "tpiktoik", "first_name": "taufik pratama", "last_name": "", "email": "tpiktoik@gmail.com", "is_staff": true, "is_active": true, "date_joined": "2026-06-22T13:44:26.065Z", "groups": [], "user_permissions": []}}, {"model": "auth.user", "pk": 2, "fields": {"password": "pbkdf2_sha256$1200000$gMmeRLOfr8HuS35rZ7zjvn$y8iX+qd9JTHrc3VC7YusOKNxMBFOs7yJ3yGBpt+o17o=", "last_login": null, "is_superuser": true, "username": "taufik", "first_name": "", "last_name": "", "email": "tpiktoik@gmail.com", "is_staff": true, "is_active": true, "date_joined": "2026-06-22T16:17:04.954Z", "groups": [], "user_permissions": []}}, {"model": "auth.user", "pk": 3, "fields": {"password": "pbkdf2_sha256$1200000$QqoAZQBsEY95kFh14Y4XjP$vGiQ0I6YUMyFlGFs19NwVNRtrH7OQzWJwDx043VfEVw=", "last_login": null, "is_superuser": true, "username": "aan", "first_name": "", "last_name": "", "email": "aan@gmail.com", "is_staff": true, "is_active": true, "date_joined": "2026-06-22T16:35:43.208Z", "groups": [], "user_permissions": []}}, {"model": "auth.user", "pk": 4, "fields": {"password": "pbkdf2_sha256$1000000$ou5bDUlR5uYNja7nTLB1c1$XC21kyGkjaUprm2q7jeoSZEoj3RYIggQQCuHxmEk9lM=", "last_login": "2026-06-23T12:41:24.260Z", "is_superuser": false, "username": "dendyputera4", "first_name": "Dendy Putera", "last_name": "", "email": "dendyputera4@gmail.com", "is_staff": false, "is_active": true, "date_joined": "2026-06-23T09:03:22.075Z", "groups": [], "user_permissions": []}}, {"model": "auth.user", "pk": 5, "fields": {"password": "pbkdf2_sha256$1000000$Yynx6Kcr5YS6jpmgIOkWdd$zgwSYdG/25pffrCD+3sJv3K7gbW93qhT4X0LI09+zM8=", "last_login": "2026-06-23T12:43:11.026Z", "is_superuser": true, "username": "dendy", "first_name": "", "last_name": "", "email": "dendy@gmail.com", "is_staff": true, "is_active": true, "date_joined": "2026-06-23T09:04:48.206Z", "groups": [], "user_permissions": []}}, {"model": "contenttypes.contenttype", "pk": 1, "fields": {"app_label": "admin", "model": "logentry"}}, {"model": "contenttypes.contenttype", "pk": 2, "fields": {"app_label": "auth", "model": "group"}}, {"model": "contenttypes.contenttype", "pk": 3, "fields": {"app_label": "auth", "model": "permission"}}, {"model": "contenttypes.contenttype", "pk": 4, "fields": {"app_label": "auth", "model": "user"}}, {"model": "contenttypes.contenttype", "pk": 5, "fields": {"app_label": "contenttypes", "model": "contenttype"}}, {"model": "contenttypes.contenttype", "pk": 6, "fields": {"app_label": "sessions", "model": "session"}}, {"model": "contenttypes.contenttype", "pk": 7, "fields": {"app_label": "travel", "model": "booking"}}, {"model": "contenttypes.contenttype", "pk": 8, "fields": {"app_label": "travel", "model": "destination"}}, {"model": "contenttypes.contenttype", "pk": 9, "fields": {"app_label": "travel", "model": "helparticle"}}, {"model": "contenttypes.contenttype", "pk": 10, "fields": {"app_label": "travel", "model": "review"}}, {"model": "contenttypes.contenttype", "pk": 11, "fields": {"app_label": "travel", "model": "room"}}, {"model": "contenttypes.contenttype", "pk": 12, "fields": {"app_label": "travel", "model": "userprofile"}}, {"model": "contenttypes.contenttype", "pk": 13, "fields": {"app_label": "travel", "model": "payment"}}, {"model": "contenttypes.contenttype", "pk": 14, "fields": {"app_label": "travel", "model": "paymentproof"}}, {"model": "travel.destination", "pk": 1, "fields": {"slug": "pulau-derawan", "name": "Pulau Derawan", "location": "Berau, Kalimantan Timur", "subtitle": "Resort dan penginapan dekat laut biru Derawan.", "hero_image": "travel/img/noah-maratua-resort.jpeg", "image": "travel/img/sienna-resort-maratua.jpeg"}}, {"model": "travel.destination", "pk": 2, "fields": {"slug": "bukit-bangkirai", "name": "Bukit Bangkirai", "location": "Kutai Kartanegara, Kalimantan Timur", "subtitle": "Penginapan dan lodge dekat kawasan hutan Bangkirai.", "hero_image": "travel/img/samboja-lodge.jpeg", "image": "travel/img/bangkirai-eco-lodge.jpeg"}}, {"model": "travel.destination", "pk": 3, "fields": {"slug": "pulau-kumala", "name": "Pulau Kumala", "location": "Tenggarong, Kalimantan Timur", "subtitle": "Akomodasi dekat Tenggarong dan area Pulau Kumala.", "hero_image": "travel/img/rumah-odah-rehat.jpeg", "image": "travel/img/hotel-grand-fatma-tenggarong.jpeg"}}, {"model": "travel.destination", "pk": 4, "fields": {"slug": "labuan-cermin", "name": "Labuan Cermin", "location": "Biduk-biduk, Berau", "subtitle": "Pilihan stay dekat danau jernih Labuan Cermin.", "hero_image": "travel/img/lamin-guntur-eco-lodge.jpeg", "image": "travel/img/thrive-inn.jpeg"}}, {"model": "travel.room", "pk": 1, "fields": {"destination": 1, "slug": "noah-maratua-resort", "name": "Noah Maratua Resort", "location": "Maratua Island, Berau", "price_number": 1200000, "image": "travel/img/noah-maratua-resort.jpeg", "stars": 5, "badge": "Ocean View", "description": "Resort tepi laut dengan pemandangan air biru, cocok untuk liburan keluarga dan pasangan.", "features": ["Ocean view", "Breakfast", "Private dock", "Free wifi"], "category": "Resort Hotel", "hotel_type": "Villa", "capacity": 6, "latitude": 2.2358, "longitude": 118.6118, "is_active": true, "created_at": "2026-06-22T13:40:07.922Z"}}, {"model": "travel.room", "pk": 2, "fields": {"destination": 1, "slug": "sienna-resort-maratua", "name": "Sienna Resort Maratua", "location": "Pulau Maratua, Berau", "price_number": 2300000, "image": "travel/img/sienna-resort-maratua.jpeg", "stars": 5, "badge": "Private Beach", "description": "Penginapan premium dekat pantai dengan nuansa tropis dan area santai yang luas.", "features": ["Beach front", "Pool access", "Breakfast", "Family room"], "category": "Resort Hotel", "hotel_type": "Villa", "capacity": 5, "latitude": 2.2164, "longitude": 118.5876, "is_active": true, "created_at": "2026-06-22T13:40:07.933Z"}}, {"model": "travel.room", "pk": 3, "fields": {"destination": 2, "slug": "samboja-lodge", "name": "Samboja Lodge", "location": "Samboja, Kutai Kartanegara", "price_number": 1500000, "image": "travel/img/samboja-lodge.jpeg", "stars": 5, "badge": "Forest Stay", "description": "Lodge bernuansa hutan, cocok untuk tamu yang ingin suasana tenang dan alami.", "features": ["Forest view", "Nature walk", "Restaurant", "Guide area"], "category": "Resort Hotel", "hotel_type": "Hostel", "capacity": 4, "latitude": -1.0438, "longitude": 116.9877, "is_active": true, "created_at": "2026-06-22T13:40:07.957Z"}}, {"model": "travel.room", "pk": 4, "fields": {"destination": 2, "slug": "bangkirai-eco-lodge", "name": "Bangkirai Eco Lodge", "location": "Bukit Bangkirai Area", "price_number": 600000, "image": "travel/img/bangkirai-eco-lodge.jpeg", "stars": 4, "badge": "Eco Lodge", "description": "Eco lodge sederhana dekat kawasan wisata, nyaman untuk short stay dan eksplorasi alam.", "features": ["Eco stay", "Parking area", "Breakfast", "Nature access"], "category": "Resort Hotel", "hotel_type": "Hostel", "capacity": 3, "latitude": -1.0063, "longitude": 116.8636, "is_active": true, "created_at": "2026-06-22T13:40:08.005Z"}}, {"model": "travel.room", "pk": 5, "fields": {"destination": 3, "slug": "hotel-grand-fatma-tenggarong", "name": "Hotel Grand Fatma Tenggarong", "location": "Jl. Pesut, Tenggarong", "price_number": 530000, "image": "travel/img/hotel-grand-fatma-tenggarong.jpeg", "stars": 3, "badge": "City Hotel", "description": "Hotel kota yang strategis untuk mengunjungi area Tenggarong dan Pulau Kumala.", "features": ["City center", "Meeting room", "Restaurant", "Parking"], "category": "City Hotel", "hotel_type": "All", "capacity": 4, "latitude": -0.4149, "longitude": 116.9891, "is_active": true, "created_at": "2026-06-22T13:40:08.031Z"}}, {"model": "travel.room", "pk": 6, "fields": {"destination": 3, "slug": "rumah-odah-rehat", "name": "Rumah Odah Rehat", "location": "Kutai Kartanegara", "price_number": 400000, "image": "travel/img/rumah-odah-rehat.jpeg", "stars": 5, "badge": "Homestay", "description": "Homestay unik dengan bentuk bangunan menarik dan suasana lokal yang hangat.", "features": ["Homestay", "Local vibes", "Terrace", "Family friendly"], "category": "Residental Hotel", "hotel_type": "Villa", "capacity": 6, "latitude": -0.4088, "longitude": 116.9869, "is_active": true, "created_at": "2026-06-22T13:40:08.079Z"}}, {"model": "travel.room", "pk": 7, "fields": {"destination": 4, "slug": "lamin-guntur-eco-lodge", "name": "Lamin Guntur Eco Lodge", "location": "Biduk-biduk, Berau", "price_number": 600000, "image": "travel/img/lamin-guntur-eco-lodge.jpeg", "stars": 4, "badge": "Lake View", "description": "Penginapan dekat kawasan danau jernih dengan pemandangan hijau dan udara segar.", "features": ["Lake access", "Green view", "Breakfast", "Tour help"], "category": "Resort Hotel", "hotel_type": "Villa", "capacity": 5, "latitude": 1.2572, "longitude": 118.7975, "is_active": true, "created_at": "2026-06-22T13:40:08.082Z"}}, {"model": "travel.room", "pk": 8, "fields": {"destination": 4, "slug": "thrive-inn", "name": "Thrive Inn", "location": "Biduk-biduk, Berau", "price_number": 350000, "image": "travel/img/thrive-inn.jpeg", "stars": 5, "badge": "Sunset View", "description": "Inn dengan suasana santai dan pemandangan sore yang cocok untuk liburan singkat.", "features": ["Sunset view", "Simple room", "Wifi", "Easy access"], "category": "Motel", "hotel_type": "All", "capacity": 2, "latitude": 1.2487, "longitude": 118.8052, "is_active": true, "created_at": "2026-06-22T13:40:08.112Z"}}, {"model": "travel.userprofile", "pk": 1, "fields": {"user": 1, "phone": "", "birth_date": "", "address": "", "favorite_destination": null, "avatar": "", "created_at": "2026-06-22T13:44:31.466Z", "updated_at": "2026-06-22T13:44:31.472Z"}}, {"model": "travel.userprofile", "pk": 2, "fields": {"user": 4, "phone": "", "birth_date": "", "address": "", "favorite_destination": null, "avatar": "", "created_at": "2026-06-23T09:03:23.092Z", "updated_at": "2026-06-23T09:03:23.092Z"}}, {"model": "travel.userprofile", "pk": 3, "fields": {"user": 5, "phone": "", "birth_date": "", "address": "", "favorite_destination": null, "avatar": "", "created_at": "2026-06-23T09:07:22.550Z", "updated_at": "2026-06-23T09:07:22.550Z"}}, {"model": "travel.booking", "pk": 1, "fields": {"user": 1, "room": 4, "booking_code": "WSM-260622214456", "checkin": "2026-07-13", "checkout": "2026-07-18", "rooms_count": 1, "adults": 2, "children": 0, "total_price": 3000000, "status": "confirmed", "created_at": "2026-06-22T13:44:56.840Z"}}, {"model": "travel.booking", "pk": 2, "fields": {"user": 1, "room": 4, "booking_code": "WSM-260622214458", "checkin": "2026-07-13", "checkout": "2026-07-18", "rooms_count": 1, "adults": 2, "children": 0, "total_price": 3000000, "status": "confirmed", "created_at": "2026-06-22T13:44:58.498Z"}}, {"model": "travel.booking", "pk": 3, "fields": {"user": 1, "room": 4, "booking_code": "WSM-260622215404", "checkin": "2026-07-13", "checkout": "2026-07-18", "rooms_count": 1, "adults": 2, "children": 0, "total_price": 3000000, "status": "confirmed", "created_at": "2026-06-22T13:54:04.900Z"}}, {"model": "travel.booking", "pk": 4, "fields": {"user": 1, "room": 4, "booking_code": "WSM-260622220237", "checkin": "2026-07-13", "checkout": "2026-07-18", "rooms_count": 1, "adults": 2, "children": 0, "total_price": 3000000, "status": "confirmed", "created_at": "2026-06-22T14:02:37.407Z"}}, {"model": "travel.booking", "pk": 5, "fields": {"user": 1, "room": 4, "booking_code": "WSM-260622220624", "checkin": "2026-07-13", "checkout": "2026-07-18", "rooms_count": 1, "adults": 2, "children": 0, "total_price": 3000000, "status": "confirmed", "created_at": "2026-06-22T14:06:24.455Z"}}, {"model": "travel.booking", "pk": 6, "fields": {"user": 1, "room": 4, "booking_code": "WSM-260622220914", "checkin": "2026-07-13", "checkout": "2026-07-18", "rooms_count": 1, "adults": 2, "children": 0, "total_price": 3000000, "status": "confirmed", "created_at": "2026-06-22T14:09:14.529Z"}}, {"model": "travel.booking", "pk": 7, "fields": {"user": 1, "room": 4, "booking_code": "WSM-260622221449", "checkin": "2026-07-12", "checkout": "2026-07-13", "rooms_count": 1, "adults": 2, "children": 0, "total_price": 600000, "status": "confirmed", "created_at": "2026-06-22T14:14:49.313Z"}}, {"model": "travel.booking", "pk": 8, "fields": {"user": 1, "room": 4, "booking_code": "WSM-260622223040", "checkin": "2026-07-12", "checkout": "2026-07-13", "rooms_count": 1, "adults": 2, "children": 0, "total_price": 600000, "status": "confirmed", "created_at": "2026-06-22T14:30:40.181Z"}}, {"model": "travel.booking", "pk": 9, "fields": {"user": 1, "room": 4, "booking_code": "WSM-260622223307", "checkin": "2026-07-12", "checkout": "2026-07-13", "rooms_count": 1, "adults": 2, "children": 0, "total_price": 600000, "status": "confirmed", "created_at": "2026-06-22T14:33:07.288Z"}}, {"model": "travel.booking", "pk": 10, "fields": {"user": 1, "room": 4, "booking_code": "WSM-260622224426", "checkin": "2026-07-12", "checkout": "2026-07-13", "rooms_count": 1, "adults": 2, "children": 0, "total_price": 600000, "status": "confirmed", "created_at": "2026-06-22T14:44:26.243Z"}}, {"model": "travel.booking", "pk": 11, "fields": {"user": 1, "room": 4, "booking_code": "WSM-260622224842", "checkin": "2026-07-12", "checkout": "2026-07-13", "rooms_count": 1, "adults": 2, "children": 0, "total_price": 600000, "status": "confirmed", "created_at": "2026-06-22T14:48:42.332Z"}}, {"model": "travel.booking", "pk": 12, "fields": {"user": 1, "room": 4, "booking_code": "WSM-260622230202", "checkin": "2026-07-12", "checkout": "2026-07-13", "rooms_count": 1, "adults": 2, "children": 0, "total_price": 600000, "status": "confirmed", "created_at": "2026-06-22T15:02:02.770Z"}}, {"model": "travel.booking", "pk": 13, "fields": {"user": 1, "room": 4, "booking_code": "WSM-260622231512", "checkin": "2026-07-12", "checkout": "2026-07-13", "rooms_count": 1, "adults": 2, "children": 0, "total_price": 600000, "status": "confirmed", "created_at": "2026-06-22T15:15:12.931Z"}}, {"model": "travel.booking", "pk": 14, "fields": {"user": 1, "room": 3, "booking_code": "WSM-260622231604", "checkin": "2026-07-12", "checkout": "2026-07-13", "rooms_count": 1, "adults": 2, "children": 0, "total_price": 1500000, "status": "confirmed", "created_at": "2026-06-22T15:16:04.569Z"}}, {"model": "travel.booking", "pk": 15, "fields": {"user": 1, "room": 1, "booking_code": "WSM-260622232507", "checkin": "2026-07-12", "checkout": "2026-07-13", "rooms_count": 1, "adults": 2, "children": 0, "total_price": 1200000, "status": "confirmed", "created_at": "2026-06-22T15:25:07.746Z"}}, {"model": "travel.booking", "pk": 16, "fields": {"user": 1, "room": 1, "booking_code": "WSM-260622232826", "checkin": "2026-07-12", "checkout": "2026-07-13", "rooms_count": 1, "adults": 2, "children": 0, "total_price": 1200000, "status": "confirmed", "created_at": "2026-06-22T15:28:26.267Z"}}, {"model": "travel.booking", "pk": 17, "fields": {"user": 1, "room": 5, "booking_code": "WSM-260622232846", "checkin": "2026-07-12", "checkout": "2026-07-13", "rooms_count": 1, "adults": 2, "children": 0, "total_price": 530000, "status": "confirmed", "created_at": "2026-06-22T15:28:46.131Z"}}, {"model": "travel.booking", "pk": 18, "fields": {"user": 1, "room": 2, "booking_code": "WSM-260622234312", "checkin": "2026-07-12", "checkout": "2026-07-13", "rooms_count": 1, "adults": 2, "children": 0, "total_price": 2300000, "status": "confirmed", "created_at": "2026-06-22T15:43:12.358Z"}}, {"model": "travel.booking", "pk": 19, "fields": {"user": 1, "room": 2, "booking_code": "WSM-260622234506", "checkin": "2026-07-12", "checkout": "2026-07-13", "rooms_count": 1, "adults": 2, "children": 0, "total_price": 2300000, "status": "confirmed", "created_at": "2026-06-22T15:45:06.262Z"}}, {"model": "travel.booking", "pk": 20, "fields": {"user": 1, "room": 4, "booking_code": "WSM-260622235149", "checkin": "2026-07-12", "checkout": "2026-07-13", "rooms_count": 1, "adults": 2, "children": 0, "total_price": 600000, "status": "confirmed", "created_at": "2026-06-22T15:51:49.867Z"}}, {"model": "travel.booking", "pk": 21, "fields": {"user": 1, "room": 4, "booking_code": "WSM-260623000248", "checkin": "2026-07-12", "checkout": "2026-07-13", "rooms_count": 1, "adults": 2, "children": 0, "total_price": 600000, "status": "pending", "created_at": "2026-06-22T16:02:48.037Z"}}, {"model": "travel.booking", "pk": 22, "fields": {"user": 1, "room": 4, "booking_code": "WSM-260623001811", "checkin": "2026-07-12", "checkout": "2026-07-13", "rooms_count": 1, "adults": 2, "children": 0, "total_price": 600000, "status": "pending", "created_at": "2026-06-22T16:18:11.879Z"}}, {"model": "travel.booking", "pk": 23, "fields": {"user": 1, "room": 4, "booking_code": "WSM-260623001905", "checkin": "2026-07-12", "checkout": "2026-07-13", "rooms_count": 1, "adults": 2, "children": 0, "total_price": 600000, "status": "pending", "created_at": "2026-06-22T16:19:05.878Z"}}, {"model": "travel.booking", "pk": 24, "fields": {"user": 1, "room": 4, "booking_code": "WSM-260623011016", "checkin": "2026-07-01", "checkout": "2026-07-05", "rooms_count": 1, "adults": 2, "children": 0, "total_price": 2400000, "status": "pending", "created_at": "2026-06-22T17:10:16.402Z"}}, {"model": "travel.booking", "pk": 25, "fields": {"user": 1, "room": 4, "booking_code": "WSM-260623145657", "checkin": "2026-07-01", "checkout": "2026-07-05", "rooms_count": 1, "adults": 2, "children": 0, "total_price": 2400000, "status": "pending", "created_at": "2026-06-23T06:56:57.379Z"}}, {"model": "travel.booking", "pk": 26, "fields": {"user": 1, "room": 4, "booking_code": "WSM-260623155033", "checkin": "2026-07-01", "checkout": "2026-07-05", "rooms_count": 1, "adults": 2, "children": 0, "total_price": 2400000, "status": "confirmed", "created_at": "2026-06-23T07:50:33.295Z"}}, {"model": "travel.booking", "pk": 27, "fields": {"user": 1, "room": 2, "booking_code": "WSM-260623162425", "checkin": "2026-07-01", "checkout": "2026-07-02", "rooms_count": 1, "adults": 2, "children": 0, "total_price": 2300000, "status": "pending", "created_at": "2026-06-23T08:24:25.597Z"}}, {"model": "travel.booking", "pk": 28, "fields": {"user": 4, "room": 7, "booking_code": "WSM-260623170340", "checkin": "2026-07-02", "checkout": "2026-07-03", "rooms_count": 1, "adults": 2, "children": 0, "total_price": 600000, "status": "pending", "created_at": "2026-06-23T09:03:40.137Z"}}, {"model": "travel.booking", "pk": 29, "fields": {"user": 5, "room": 7, "booking_code": "WSM-260623170722", "checkin": "2026-07-04", "checkout": "2026-07-05", "rooms_count": 1, "adults": 2, "children": 0, "total_price": 600000, "status": "pending", "created_at": "2026-06-23T09:07:22.514Z"}}, {"model": "travel.booking", "pk": 30, "fields": {"user": 4, "room": 7, "booking_code": "WSM-260623172945", "checkin": "2026-07-05", "checkout": "2026-07-06", "rooms_count": 1, "adults": 2, "children": 0, "total_price": 600000, "status": "pending", "created_at": "2026-06-23T09:29:45.948Z"}}, {"model": "travel.booking", "pk": 31, "fields": {"user": 5, "room": 1, "booking_code": "WSM-260623175332", "checkin": "2026-07-03", "checkout": "2026-07-04", "rooms_count": 1, "adults": 2, "children": 0, "total_price": 1200000, "status": "pending", "created_at": "2026-06-23T09:53:32.337Z"}}, {"model": "travel.booking", "pk": 32, "fields": {"user": 5, "room": 1, "booking_code": "WSM-260623181527", "checkin": "2026-07-03", "checkout": "2026-07-04", "rooms_count": 1, "adults": 2, "children": 0, "total_price": 1200000, "status": "confirmed", "created_at": "2026-06-23T10:15:27.841Z"}}, {"model": "travel.booking", "pk": 33, "fields": {"user": 5, "room": 1, "booking_code": "WSM-260623182545", "checkin": "2026-07-03", "checkout": "2026-07-04", "rooms_count": 1, "adults": 2, "children": 0, "total_price": 1200000, "status": "confirmed", "created_at": "2026-06-23T10:25:45.448Z"}}, {"model": "travel.booking", "pk": 34, "fields": {"user": 5, "room": 1, "booking_code": "WSM-260623182728", "checkin": "2026-07-03", "checkout": "2026-07-04", "rooms_count": 1, "adults": 2, "children": 0, "total_price": 1200000, "status": "confirmed", "created_at": "2026-06-23T10:27:28.489Z"}}, {"model": "travel.booking", "pk": 35, "fields": {"user": 5, "room": 1, "booking_code": "WSM-260623183116", "checkin": "2026-07-03", "checkout": "2026-07-04", "rooms_count": 1, "adults": 2, "children": 0, "total_price": 1200000, "status": "confirmed", "created_at": "2026-06-23T10:31:16.177Z"}}, {"model": "travel.booking", "pk": 36, "fields": {"user": 5, "room": 1, "booking_code": "WSM-260623183224", "checkin": "2026-07-03", "checkout": "2026-07-04", "rooms_count": 1, "adults": 2, "children": 0, "total_price": 1200000, "status": "confirmed", "created_at": "2026-06-23T10:32:24.668Z"}}, {"model": "travel.booking", "pk": 37, "fields": {"user": 5, "room": 1, "booking_code": "WSM-260623183334", "checkin": "2026-07-03", "checkout": "2026-07-04", "rooms_count": 1, "adults": 2, "children": 0, "total_price": 1200000, "status": "confirmed", "created_at": "2026-06-23T10:33:34.412Z"}}, {"model": "travel.booking", "pk": 38, "fields": {"user": 5, "room": 2, "booking_code": "WSM-260623184737", "checkin": "2026-07-02", "checkout": "2026-07-03", "rooms_count": 1, "adults": 2, "children": 0, "total_price": 2300000, "status": "confirmed", "created_at": "2026-06-23T10:47:37.065Z"}}, {"model": "travel.booking", "pk": 39, "fields": {"user": 4, "room": 7, "booking_code": "WSM-260623203958", "checkin": "2026-07-10", "checkout": "2026-07-11", "rooms_count": 1, "adults": 2, "children": 0, "total_price": 600000, "status": "confirmed", "created_at": "2026-06-23T12:39:58.923Z"}}, {"model": "travel.payment", "pk": 1, "fields": {"booking": 2, "amount": 3000000, "status": "paid", "payment_method": "bank_transfer", "transaction_id": "WSM-694D6F60AF04", "notes": "", "created_at": "2026-06-22T13:52:55.964Z", "updated_at": "2026-06-22T13:53:23.007Z"}}, {"model": "travel.payment", "pk": 2, "fields": {"booking": 3, "amount": 3000000, "status": "paid", "payment_method": "e_wallet", "transaction_id": "WSM-4D6BB9E67B37", "notes": "", "created_at": "2026-06-22T13:54:43.447Z", "updated_at": "2026-06-22T13:55:17.833Z"}}, {"model": "travel.payment", "pk": 3, "fields": {"booking": 4, "amount": 3000000, "status": "paid", "payment_method": "ovo", "transaction_id": "WSM-552FF294702F", "notes": "", "created_at": "2026-06-22T14:02:38.521Z", "updated_at": "2026-06-22T14:02:59.487Z"}}, {"model": "travel.payment", "pk": 4, "fields": {"booking": 5, "amount": 3000000, "status": "paid", "payment_method": "bank_transfer", "transaction_id": "WSM-32FDC154E38B", "notes": "", "created_at": "2026-06-22T14:06:24.582Z", "updated_at": "2026-06-22T14:06:27.733Z"}}, {"model": "travel.payment", "pk": 5, "fields": {"booking": 6, "amount": 3000000, "status": "paid", "payment_method": "ovo", "transaction_id": "WSM-6BC977E00704", "notes": "", "created_at": "2026-06-22T14:09:15.434Z", "updated_at": "2026-06-22T14:12:58.290Z"}}, {"model": "travel.payment", "pk": 6, "fields": {"booking": 7, "amount": 600000, "status": "paid", "payment_method": "ovo", "transaction_id": "WSM-D582450D1465", "notes": "", "created_at": "2026-06-22T14:14:49.369Z", "updated_at": "2026-06-22T14:16:28.138Z"}}, {"model": "travel.payment", "pk": 7, "fields": {"booking": 8, "amount": 600000, "status": "paid", "payment_method": "credit_card", "transaction_id": "WSM-078E80BEA957", "notes": "", "created_at": "2026-06-22T14:30:40.298Z", "updated_at": "2026-06-22T14:32:35.717Z"}}, {"model": "travel.payment", "pk": 8, "fields": {"booking": 9, "amount": 600000, "status": "paid", "payment_method": "bca_va", "transaction_id": "WSM-71C46F39CC5B", "notes": "", "created_at": "2026-06-22T14:33:07.434Z", "updated_at": "2026-06-22T14:34:23.501Z"}}, {"model": "travel.payment", "pk": 9, "fields": {"booking": 10, "amount": 600000, "status": "paid", "payment_method": "credit_card", "transaction_id": "WSM-C6405891B864", "notes": "", "created_at": "2026-06-22T14:44:26.293Z", "updated_at": "2026-06-22T14:47:07.562Z"}}, {"model": "travel.payment", "pk": 10, "fields": {"booking": 11, "amount": 600000, "status": "paid", "payment_method": "bca_va", "transaction_id": "WSM-DBF685EAB266", "notes": "", "created_at": "2026-06-22T14:48:42.489Z", "updated_at": "2026-06-22T14:53:59.932Z"}}, {"model": "travel.payment", "pk": 11, "fields": {"booking": 12, "amount": 600000, "status": "paid", "payment_method": "bca_va", "transaction_id": "WSM-9B8D0A25A7F9", "notes": "", "created_at": "2026-06-22T15:02:02.886Z", "updated_at": "2026-06-22T15:10:46.871Z"}}, {"model": "travel.payment", "pk": 12, "fields": {"booking": 13, "amount": 600000, "status": "paid", "payment_method": "bca_va", "transaction_id": "WSM-6840942969EE", "notes": "", "created_at": "2026-06-22T15:15:13.041Z", "updated_at": "2026-06-22T15:15:19.445Z"}}, {"model": "travel.payment", "pk": 13, "fields": {"booking": 14, "amount": 1500000, "status": "paid", "payment_method": "bri_va", "transaction_id": "WSM-70456EAFE278", "notes": "", "created_at": "2026-06-22T15:16:04.620Z", "updated_at": "2026-06-22T15:22:41.112Z"}}, {"model": "travel.payment", "pk": 14, "fields": {"booking": 15, "amount": 1200000, "status": "paid", "payment_method": "bca_va", "transaction_id": "WSM-9F68481C4BAD", "notes": "", "created_at": "2026-06-22T15:25:08.368Z", "updated_at": "2026-06-22T15:25:10.998Z"}}, {"model": "travel.payment", "pk": 15, "fields": {"booking": 16, "amount": 1200000, "status": "paid", "payment_method": "bca_va", "transaction_id": "WSM-35177E41E464", "notes": "", "created_at": "2026-06-22T15:28:26.388Z", "updated_at": "2026-06-22T15:28:32.026Z"}}, {"model": "travel.payment", "pk": 16, "fields": {"booking": 17, "amount": 530000, "status": "paid", "payment_method": "bri_va", "transaction_id": "WSM-592167A7384D", "notes": "", "created_at": "2026-06-22T15:28:46.247Z", "updated_at": "2026-06-22T15:28:57.322Z"}}, {"model": "travel.payment", "pk": 17, "fields": {"booking": 18, "amount": 2300000, "status": "paid", "payment_method": "bca_va", "transaction_id": "WSM-36218A9FB6D0", "notes": "", "created_at": "2026-06-22T15:43:12.918Z", "updated_at": "2026-06-22T15:43:17.752Z"}}, {"model": "travel.payment", "pk": 18, "fields": {"booking": 19, "amount": 2300000, "status": "paid", "payment_method": "bca_va", "transaction_id": "WSM-9A40C15FD64C", "notes": "", "created_at": "2026-06-22T15:45:06.323Z", "updated_at": "2026-06-22T15:45:09.058Z"}}, {"model": "travel.payment", "pk": 19, "fields": {"booking": 20, "amount": 600000, "status": "paid", "payment_method": "bca_va", "transaction_id": "WSM-DF3CB15ECE72", "notes": "", "created_at": "2026-06-22T15:51:49.955Z", "updated_at": "2026-06-22T15:52:19.517Z"}}, {"model": "travel.payment", "pk": 20, "fields": {"booking": 21, "amount": 600000, "status": "pending", "payment_method": "bank_transfer", "transaction_id": "WSM-C9CC9455BE44", "notes": "", "created_at": "2026-06-22T16:02:48.122Z", "updated_at": "2026-06-22T16:22:56.904Z"}}, {"model": "travel.payment", "pk": 21, "fields": {"booking": 23, "amount": 600000, "status": "paid", "payment_method": "bank_transfer", "transaction_id": "f56e073f-5465-40d0-9926-df9ff1cdecb1", "notes": "berhasilk", "created_at": "2026-06-22T16:26:50.754Z", "updated_at": "2026-06-22T17:28:25.784Z"}}, {"model": "travel.payment", "pk": 22, "fields": {"booking": 24, "amount": 2400000, "status": "paid", "payment_method": "mandiri_va", "transaction_id": "", "notes": "", "created_at": "2026-06-22T17:33:34.138Z", "updated_at": "2026-06-22T18:07:20.504Z"}}, {"model": "travel.payment", "pk": 23, "fields": {"booking": 25, "amount": 2400000, "status": "pending", "payment_method": "bank_transfer", "transaction_id": "WSM-17C8FA6406CE", "notes": "", "created_at": "2026-06-23T07:44:47.730Z", "updated_at": "2026-06-23T07:44:47.731Z"}}, {"model": "travel.payment", "pk": 24, "fields": {"booking": 26, "amount": 2400000, "status": "paid", "payment_method": "bank_transfer", "transaction_id": "WSM-3E84C61F0339", "notes": "", "created_at": "2026-06-23T07:50:33.438Z", "updated_at": "2026-06-23T08:23:33.634Z"}}, {"model": "travel.payment", "pk": 25, "fields": {"booking": 27, "amount": 2300000, "status": "paid", "payment_method": "bank_transfer", "transaction_id": "WSM-E65255746CEA", "notes": "", "created_at": "2026-06-23T08:24:25.689Z", "updated_at": "2026-06-23T08:25:36.083Z"}}, {"model": "travel.payment", "pk": 26, "fields": {"booking": 28, "amount": 600000, "status": "paid", "payment_method": "bank_transfer", "transaction_id": "WSM-AB4B376EF491", "notes": "", "created_at": "2026-06-23T09:03:40.165Z", "updated_at": "2026-06-23T09:06:45.770Z"}}, {"model": "travel.payment", "pk": 27, "fields": {"booking": 29, "amount": 600000, "status": "paid", "payment_method": "bank_transfer", "transaction_id": "WSM-9BF91584EFE8", "notes": "", "created_at": "2026-06-23T09:07:22.540Z", "updated_at": "2026-06-23T09:07:48.237Z"}}, {"model": "travel.payment", "pk": 28, "fields": {"booking": 30, "amount": 600000, "status": "paid", "payment_method": "bank_transfer", "transaction_id": "WSM-3318DF661A79", "notes": "", "created_at": "2026-06-23T09:29:45.979Z", "updated_at": "2026-06-23T09:37:44.295Z"}}, {"model": "travel.payment", "pk": 29, "fields": {"booking": 31, "amount": 1200000, "status": "pending", "payment_method": "bank_transfer", "transaction_id": "WSM-E6B8F84A42D1", "notes": "", "created_at": "2026-06-23T09:53:32.357Z", "updated_at": "2026-06-23T09:53:32.357Z"}}, {"model": "travel.payment", "pk": 30, "fields": {"booking": 32, "amount": 1200000, "status": "paid", "payment_method": "bank_transfer", "transaction_id": "WSM-538E0D06071A", "notes": "", "created_at": "2026-06-23T10:15:27.855Z", "updated_at": "2026-06-23T10:25:23.842Z"}}, {"model": "travel.payment", "pk": 31, "fields": {"booking": 33, "amount": 1200000, "status": "paid", "payment_method": "bank_transfer", "transaction_id": "WSM-513B1F442383", "notes": "", "created_at": "2026-06-23T10:25:45.463Z", "updated_at": "2026-06-23T10:26:31.447Z"}}, {"model": "travel.payment", "pk": 32, "fields": {"booking": 34, "amount": 1200000, "status": "paid", "payment_method": "bank_transfer", "transaction_id": "WSM-053516DE572B", "notes": "", "created_at": "2026-06-23T10:27:28.503Z", "updated_at": "2026-06-23T10:31:07.130Z"}}, {"model": "travel.payment", "pk": 33, "fields": {"booking": 35, "amount": 1200000, "status": "paid", "payment_method": "bank_transfer", "transaction_id": "WSM-7318594F4A08", "notes": "", "created_at": "2026-06-23T10:31:16.192Z", "updated_at": "2026-06-23T10:31:34.866Z"}}, {"model": "travel.payment", "pk": 34, "fields": {"booking": 36, "amount": 1200000, "status": "paid", "payment_method": "bank_transfer", "transaction_id": "WSM-DB98E0AD58A2", "notes": "", "created_at": "2026-06-23T10:32:24.682Z", "updated_at": "2026-06-23T10:33:18.741Z"}}, {"model": "travel.payment", "pk": 35, "fields": {"booking": 37, "amount": 1200000, "status": "paid", "payment_method": "bank_transfer", "transaction_id": "WSM-7D11FF0D9FCC", "notes": "", "created_at": "2026-06-23T10:33:34.427Z", "updated_at": "2026-06-23T10:33:54.532Z"}}, {"model": "travel.payment", "pk": 36, "fields": {"booking": 38, "amount": 2300000, "status": "paid", "payment_method": "bank_transfer", "transaction_id": "WSM-66F759BD95F3", "notes": "", "created_at": "2026-06-23T10:47:37.080Z", "updated_at": "2026-06-23T12:07:44.033Z"}}, {"model": "travel.payment", "pk": 37, "fields": {"booking": 39, "amount": 600000, "status": "paid", "payment_method": "bank_transfer", "transaction_id": "WSM-E610821A4BAA", "notes": "", "created_at": "2026-06-23T12:39:58.937Z", "updated_at": "2026-06-23T12:40:56.372Z"}}, {"model": "travel.paymentproof", "pk": 1, "fields": {"payment": 24, "image": "", "uploaded_at": "2026-06-23T08:13:18.144Z", "is_verified": true, "verification_status": "verified", "admin_notes": "", "verified_at": null}}, {"model": "travel.paymentproof", "pk": 2, "fields": {"payment": 30, "image": "payment_proofs/2026/06/23/Screenshot_6.png", "uploaded_at": "2026-06-23T10:15:33.397Z", "is_verified": true, "verification_status": "verified", "admin_notes": "", "verified_at": "2026-06-23T10:25:23.818Z"}}, {"model": "travel.paymentproof", "pk": 3, "fields": {"payment": 31, "image": "payment_proofs/2026/06/23/Screenshot_7.png", "uploaded_at": "2026-06-23T10:25:56.464Z", "is_verified": true, "verification_status": "verified", "admin_notes": "", "verified_at": "2026-06-23T10:26:31.440Z"}}, {"model": "travel.paymentproof", "pk": 4, "fields": {"payment": 32, "image": "payment_proofs/2026/06/23/Screenshot_7_RmkW6QM.png", "uploaded_at": "2026-06-23T10:31:00.421Z", "is_verified": true, "verification_status": "verified", "admin_notes": "", "verified_at": "2026-06-23T10:31:07.124Z"}}, {"model": "travel.paymentproof", "pk": 5, "fields": {"payment": 33, "image": "payment_proofs/2026/06/23/Screenshot_13.png", "uploaded_at": "2026-06-23T10:31:27.044Z", "is_verified": true, "verification_status": "verified", "admin_notes": "", "verified_at": "2026-06-23T10:31:34.860Z"}}, {"model": "travel.paymentproof", "pk": 6, "fields": {"payment": 34, "image": "payment_proofs/2026/06/23/Screenshot_6_WfeiLtt.png", "uploaded_at": "2026-06-23T10:32:31.045Z", "is_verified": true, "verification_status": "verified", "admin_notes": "", "verified_at": "2026-06-23T10:33:12.858Z"}}, {"model": "travel.paymentproof", "pk": 7, "fields": {"payment": 35, "image": "payment_proofs/2026/06/23/Screenshot_7_4RyNWom.png", "uploaded_at": "2026-06-23T10:33:41.743Z", "is_verified": true, "verification_status": "verified", "admin_notes": "", "verified_at": "2026-06-23T10:33:45.704Z"}}, {"model": "travel.paymentproof", "pk": 8, "fields": {"payment": 36, "image": "payment_proofs/2026/06/23/Screenshot_5.png", "uploaded_at": "2026-06-23T10:47:47.747Z", "is_verified": true, "verification_status": "verified", "admin_notes": "", "verified_at": "2026-06-23T10:48:02.413Z"}}, {"model": "travel.paymentproof", "pk": 9, "fields": {"payment": 37, "image": "payment_proofs/2026/06/23/Screenshot_2026-05-07_223824.png", "uploaded_at": "2026-06-23T12:40:18.387Z", "is_verified": true, "verification_status": "verified", "admin_notes": "", "verified_at": "2026-06-23T12:40:47.156Z"}}, {"model": "travel.review", "pk": 1, "fields": {"room": 1, "user": null, "name": "Kang Jhon", "avatar": "KJ", "time": "3 Hari Yang Lalu", "text": "The room was nice and tidy. Membuat istirahat jadi nyaman setelah jalan-jalan.", "rating": 5, "created_at": "2026-06-22T13:40:08.133Z"}}, {"model": "travel.review", "pk": 2, "fields": {"room": 1, "user": null, "name": "Kang Ecep", "avatar": "KE", "time": "4 Hari Ago", "text": "View hotelnya bagus, tempatnya tenang, dan akses ke lokasi wisata cukup mudah.", "rating": 5, "created_at": "2026-06-22T13:40:08.157Z"}}, {"model": "travel.review", "pk": 3, "fields": {"room": 1, "user": null, "name": "Kardun", "avatar": "KA", "time": "2 Months Ago", "text": "Very satisfactory. Kamar bersih, pelayanan ramah, dan harganya sesuai.", "rating": 4, "created_at": "2026-06-22T13:40:08.166Z"}}, {"model": "travel.review", "pk": 4, "fields": {"room": 1, "user": null, "name": "Dodi", "avatar": "DO", "time": "1 Week Ago", "text": "Tempatnya cocok buat healing. Makanan lumayan dan area luarnya enak buat foto.", "rating": 4, "created_at": "2026-06-22T13:40:08.184Z"}}, {"model": "travel.review", "pk": 5, "fields": {"room": 1, "user": null, "name": "Supratman", "avatar": "SU", "time": "3 Years 2 Month Ago", "text": "Friendly service and comfortable rooms, very good untuk trip keluarga.", "rating": 5, "created_at": "2026-06-22T13:40:08.212Z"}}, {"model": "travel.helparticle", "pk": 1, "fields": {"slug": "cancel-reservation", "title": "How do I cancel my reservation?", "category": "Paying for a reservation", "intro": "Kamu bisa membatalkan reservasi melalui menu Account, bagian Payment atau riwayat booking yang sudah masuk.", "steps": ["Buka menu Account lalu pilih Payment atau data booking yang ingin dibatalkan.", "Tekan tombol Cancel Booking pada pesanan yang masih aktif.", "Baca syarat pembatalan, lalu konfirmasi pembatalan jika semua data sudah sesuai.", "Sistem akan mengirimkan konfirmasi pembatalan setelah proses berhasil."], "note": "Jika pesanan sudah melewati batas waktu pembatalan, silakan hubungi Help Center untuk bantuan lanjutan.", "created_at": "2026-06-22T13:40:08.214Z"}}, {"model": "travel.helparticle", "pk": 2, "fields": {"slug": "cancellation-terms", "title": "Room Booking Cancellation Terms and Conditions", "category": "Paying for a reservation", "intro": "Syarat pembatalan mengikuti kebijakan hotel dan waktu check-in yang kamu pilih.", "steps": ["Pembatalan gratis tersedia jika hotel masih mengizinkan refund.", "Pembatalan mendekati tanggal check-in bisa dikenakan biaya.", "Harga promo tertentu tidak dapat dibatalkan otomatis."], "note": "Selalu cek detail pesanan sebelum menekan tombol pembayaran.", "created_at": "2026-06-22T13:40:08.231Z"}}, {"model": "travel.helparticle", "pk": 3, "fields": {"slug": "cancel-unpaid", "title": "How to cancel unpaid room Booking Pesanan", "category": "Paying for a reservation", "intro": "Pesanan yang belum dibayar bisa dibatalkan langsung dari halaman booking.", "steps": ["Masuk ke Account.", "Buka Payment atau daftar pesanan.", "Pilih pesanan yang belum dibayar lalu tekan Cancel."], "note": "Pesanan yang belum dibayar biasanya juga akan otomatis batal sesuai batas waktu sistem.", "created_at": "2026-06-22T13:40:08.236Z"}}, {"model": "travel.helparticle", "pk": 4, "fields": {"slug": "auto-cancel", "title": "Room bookings are canceled automatically", "category": "Paying for a reservation", "intro": "Sistem dapat membatalkan booking otomatis ketika pembayaran tidak dilakukan sampai batas waktu.", "steps": ["Cek batas waktu pembayaran di halaman booking berhasil.", "Lakukan pembayaran sebelum waktu habis.", "Jika sudah batal, lakukan booking ulang dari halaman room."], "note": "Booking yang sudah otomatis batal tidak mengurangi saldo kamu.", "created_at": "2026-06-22T13:40:08.242Z"}}, {"model": "travel.helparticle", "pk": 5, "fields": {"slug": "change-password", "title": "How to change password?", "category": "Account & Security", "intro": "Password bisa diubah dari halaman Account atau Forgot Password.", "steps": ["Buka Account.", "Pilih Change password.", "Masukkan nomor verifikasi dan password baru."], "note": "Gunakan password yang mudah kamu ingat tetapi sulit ditebak orang lain.", "created_at": "2026-06-22T13:40:08.246Z"}}, {"model": "travel.helparticle", "pk": 6, "fields": {"slug": "forgot-verification", "title": "Forgot password verification number", "category": "Account & Security", "intro": "Nomor verifikasi dikirim ke email atau nomor ponsel yang terhubung dengan akun.", "steps": ["Buka Forgot Password.", "Masukkan email atau nomor telepon.", "Tekan Send lalu cek kode verifikasi."], "note": "Di project ini, tombol Send menampilkan status terkirim saja.", "created_at": "2026-06-22T13:40:08.254Z"}}, {"model": "travel.helparticle", "pk": 7, "fields": {"slug": "update-profile", "title": "Update profile data and email address", "category": "Account & Security", "intro": "Data profile bisa diedit dari halaman Edit Profile.", "steps": ["Buka Account.", "Klik Edit Profile.", "Ubah username, email, nomor telepon, tanggal lahir, dan alamat.", "Tekan Save Profile."], "note": "Data sudah disimpan ke database melalui model UserProfile.", "created_at": "2026-06-22T13:40:08.299Z"}}, {"model": "travel.helparticle", "pk": 8, "fields": {"slug": "room-facilities", "title": "How to see room facilities?", "category": "Hotel & Room", "intro": "Fasilitas kamar tersedia di halaman detail room.", "steps": ["Buka Search Accommodation.", "Pilih salah satu hotel.", "Lihat bagian Facilities di bawah detail harga."], "note": "Fasilitas mengikuti data Room di database.", "created_at": "2026-06-22T13:40:09.004Z"}}, {"model": "travel.helparticle", "pk": 9, "fields": {"slug": "hotel-location", "title": "How to find hotel location on maps?", "category": "Hotel & Room", "intro": "Lokasi hotel dapat dilihat di halaman Maps yang sudah memakai marker harga.", "steps": ["Buka detail room.", "Klik Lihat Maps.", "Geser peta atau cari hotel dari kolom search."], "note": "Marker harga memakai koordinat latitude dan longitude dari database.", "created_at": "2026-06-22T13:40:09.822Z"}}, {"model": "travel.helparticle", "pk": 10, "fields": {"slug": "guest-reviews", "title": "How to view all guest reviews?", "category": "Hotel & Room", "intro": "Review tamu tersedia dari halaman detail room atau menu Reviews.", "steps": ["Pilih hotel dari halaman search.", "Klik menu Reviews.", "Baca komentar, rating, dan waktu review."], "note": "Review tersimpan pada tabel Review.", "created_at": "2026-06-22T13:40:10.371Z"}}]